{
	"credit": "Made with Blockbench",
	"textures": {
		"0": "block/anvil_top",
		"1": "block/stripped_dark_oak_log",
		"2": "block/coal_block",
		"3": "block/iron_block",
		"particle": "block/anvil_top"
	},
	"elements": [
		{
			"from": [6.5, 5, 0],
			"to": [9.5, 6, 14],
			"rotation": {"angle": 0, "axis": "y", "origin": [6.5, 5, 0]},
			"faces": {
				"north": {"uv": [8, 13, 9, 16], "rotation": 90, "texture": "#0"},
				"east": {"uv": [12, 2, 13, 16], "rotation": 90, "texture": "#0"},
				"south": {"uv": [7, 13, 8, 16], "rotation": 90, "texture": "#0"},
				"west": {"uv": [3, 2, 4, 16], "rotation": 90, "texture": "#0"},
				"up": {"uv": [9, 2, 12, 16], "texture": "#0"},
				"down": {"uv": [4, 2, 7, 16], "texture": "#0"}
			}
		},
		{
			"from": [6.5, 6, 11],
			"to": [9.5, 8, 13],
			"rotation": {"angle": 0, "axis": "y", "origin": [6.5, 5, 0]},
			"faces": {
				"north": {"uv": [8, 12, 11, 14], "texture": "#0"},
				"east": {"uv": [5, 14, 7, 16], "texture": "#0"},
				"south": {"uv": [5, 12, 8, 14], "texture": "#0"},
				"west": {"uv": [9, 14, 11, 16], "texture": "#0"},
				"up": {"uv": [3, 13, 5, 16], "rotation": 90, "texture": "#0"},
				"down": {"uv": [11, 13, 13, 16], "rotation": 90, "texture": "#0"}
			}
		},
		{
			"from": [6.501, 6, 13],
			"to": [9.501, 8, 14],
			"rotation": {"angle": -22.5, "axis": "x", "origin": [8, 6, 14]},
			"faces": {
				"north": {"uv": [9, 14, 12, 16], "texture": "#0"},
				"east": {"uv": [3, 14, 4, 16], "texture": "#0"},
				"south": {"uv": [4, 14, 7, 16], "texture": "#0"},
				"west": {"uv": [12, 14, 13, 16], "texture": "#0"},
				"up": {"uv": [8, 13, 9, 16], "rotation": 90, "texture": "#0"},
				"down": {"uv": [7, 13, 8, 16], "rotation": 90, "texture": "#0"}
			}
		},
		{
			"from": [6.5, 6, 0],
			"to": [9.5, 8, 8],
			"rotation": {"angle": 0, "axis": "y", "origin": [6.5, 5, 0]},
			"faces": {
				"north": {"uv": [8, 5, 10, 8], "rotation": 90, "texture": "#0"},
				"east": {"uv": [10, 0, 12, 8], "rotation": 90, "texture": "#0"},
				"south": {"uv": [6, 5, 8, 8], "rotation": 90, "texture": "#0"},
				"west": {"uv": [4, 0, 6, 8], "rotation": 90, "texture": "#0"},
				"up": {"uv": [9, 8, 12, 16], "texture": "#0"},
				"down": {"uv": [4, 8, 7, 16], "texture": "#0"}
			}
		},
		{
			"from": [7, 5.75, 8],
			"to": [9, 7.75, 12],
			"rotation": {"angle": 0, "axis": "y", "origin": [6.5, 5, 0]},
			"faces": {
				"north": {"uv": [1, 13, 3, 15], "texture": "#3"},
				"east": {"uv": [4, 3, 8, 5], "texture": "#3"},
				"south": {"uv": [13, 13, 15, 15], "texture": "#3"},
				"west": {"uv": [8, 3, 12, 5], "texture": "#3"},
				"up": {"uv": [10, 6, 14, 8], "rotation": 90, "texture": "#3"},
				"down": {"uv": [2, 6, 6, 8], "rotation": 90, "texture": "#3"}
			}
		},
		{
			"from": [7, 5.5, -0.5],
			"to": [9, 7.5, 3.5],
			"rotation": {"angle": 0, "axis": "y", "origin": [6.5, 5, 0]},
			"faces": {
				"north": {"uv": [14, 2, 16, 4], "texture": "#2"},
				"east": {"uv": [0, 0, 4, 2], "texture": "#2"},
				"south": {"uv": [0, 2, 2, 4], "texture": "#2"},
				"west": {"uv": [12, 0, 16, 2], "texture": "#2"},
				"up": {"uv": [4, 0, 8, 2], "rotation": 90, "texture": "#2"},
				"down": {"uv": [8, 0, 12, 2], "rotation": 90, "texture": "#2"}
			}
		},
		{
			"from": [7, 0, 9],
			"to": [9, 5, 12],
			"rotation": {"angle": -22.5, "axis": "x", "origin": [8, 5, 9]},
			"faces": {
				"north": {"uv": [8, 0, 10, 5], "texture": "#1"},
				"east": {"uv": [0, 0, 3, 5], "texture": "#1"},
				"south": {"uv": [6, 0, 8, 5], "texture": "#1"},
				"west": {"uv": [13, 0, 16, 5], "texture": "#1"},
				"up": {"uv": [14, 5, 16, 8], "texture": "#1"},
				"down": {"uv": [0, 5, 2, 8], "texture": "#1"}
			}
		},
		{
			"from": [7.5, 2.5, 8],
			"to": [8.5, 3.5, 10],
			"faces": {
				"north": {"uv": [13, 0, 14, 1], "texture": "#3"},
				"east": {"uv": [14, 0, 16, 1], "texture": "#3"},
				"south": {"uv": [2, 0, 3, 1], "texture": "#3"},
				"west": {"uv": [0, 0, 2, 1], "texture": "#3"},
				"up": {"uv": [0, 0, 1, 2], "texture": "#3"},
				"down": {"uv": [15, 0, 16, 2], "texture": "#3"}
			}
		},
		{
			"from": [7.5, 3.5, 7],
			"to": [8.5, 5.5, 8],
			"faces": {
				"north": {"uv": [0, 0, 1, 2], "texture": "#3"},
				"east": {"uv": [0, 0, 1, 2], "texture": "#3"},
				"south": {"uv": [0, 0, 1, 2], "texture": "#3"},
				"west": {"uv": [0, 0, 1, 2], "texture": "#3"},
				"up": {"uv": [0, 0, 1, 1], "texture": "#3"},
				"down": {"uv": [0, 0, 1, 1], "texture": "#3"}
			}
		}
	],
	"display": {
		"thirdperson_righthand": {
			"translation": [0, 2.5, -0.5],
			"scale": [0.75, 0.75, 0.75]
		},
		"thirdperson_lefthand": {
			"translation": [0, 2.5, -0.5],
			"scale": [0.75, 0.75, 0.75]
		},
		"firstperson_righthand": {
			"translation": [0, 3.5, 0]
		},
		"firstperson_lefthand": {
			"translation": [0, 3.5, 0]
		},
		"ground": {
			"rotation": [0, 0, 89],
			"translation": [-3, -2.25, 0],
			"scale": [0.75, 0.75, 0.75]
		},
		"gui": {
			"rotation": [45, -45, 22.5],
			"translation": [-2, 2, 0]
		},
		"head": {
			"translation": [0, 0, -5.5]
		},
		"fixed": {
			"rotation": [90, -45.75, 90],
			"translation": [-2, 2, 0]
		}
	}
}